{"val_mae": [15.179976061847963, 7.694250674137037, 36.7827378187379, 17.299061080259882, 37.370213810661475], "train_loss": [1.776402635767891, 0.8744925891781206, 0.8551090268044748, 0.8366838895233502, 0.8166871895649337], "val_loss": [0.4310522280440999, 0.5237898371345049, 0.8172060661613575, 0.5053889640142424, 0.6641691562457315], "val_density_loss": [0.4310522280440999, 0.5237898371345049, 0.8172060661613575, 0.5053889640142424, 0.6641691562457315], "val_domain_loss": [0.0, 0.0, 0.0, 0.0, 0.0]}