{"val_mae": [9.399494234412945, 15.870873785166467, 32.16762685101264, 66.42817578075264, 260.1553905951581], "train_loss": [2.5934992666467385, 0.9077811204859252, 0.9441212539596604, 0.9169636506216112, 0.8889999949770807], "val_loss": [1.4772636056528283, 1.9074873574053954, 1.7453598059601578, 2.2789271922935566, 6.141425211307894], "val_density_loss": [0.4158040074950031, 0.4497006094418761, 0.5709497030872536, 0.9482563222503017, 5.01389933204299], "val_domain_loss": [1.0614595981578252, 1.4577867479635194, 1.1744101028729041, 1.3306708700432548, 1.1275258792649043]}