{"val_mae": [8.786904067021014, 105.45660209655762, 140.53733758351606, 293.8478296380788, 85.83318732497438], "train_loss": [3.9395605416608768, 0.9192079694948513, 0.9011747805541439, 0.8435592718816478, 0.8112811317523028], "val_loss": [2.3774578777249404, 2.708933643969223, 3.028227842858503, 7.257592552592394, 2.1118175944251547], "val_density_loss": [0.5379338262205042, 1.477389082734142, 2.051841055885012, 6.185326059659322, 1.0824980440871448], "val_domain_loss": [1.8395240515044364, 1.2315445612350806, 0.9763867869734911, 1.0722664929330716, 1.02931955033801]}