{"val_mae": [19.92760673249633, 56.09794423383687, 8.671566267313406, 17.643556867285113, 66.82110685322704], "train_loss": [2.1352822805902614, 0.8856925132236504, 0.9475807472055395, 0.8622803628298042, 0.8476894702418704], "val_loss": [2.5855664499951723, 2.9042815241692326, 2.1655553945441595, 1.6681879619508753, 2.1603258807810084], "val_density_loss": [0.4149565933315773, 0.895846964729558, 0.49017044241072755, 0.4611283874094514, 1.089803987162057], "val_domain_loss": [2.170609856663595, 2.0084345594396744, 1.675384952133432, 1.2070595745414239, 1.0705218936189513]}