{"val_mae": [38.98171567506309, 36.47329726928861, 18.98684035906016, 1506.0085633525402, 230.66019188668602], "train_loss": [2.5452643223427613, 0.9578498226543487, 0.9451252870160862, 0.8780933441857717, 0.8762567324098772], "val_loss": [1.8360956537801898, 2.2083218064168317, 1.7239940514384178, 156.40034096406688, 5.245475252359409], "val_density_loss": [0.571122159893873, 0.5697750047990207, 0.5188022205161008, 155.18759325362953, 4.159820090360747], "val_domain_loss": [1.2649734938863166, 1.6385468016178113, 1.2051918309223169, 1.2127477104373523, 1.085655161998662]}