{"val_mae": [10.117302097664254, 78.19715042278482, 8.790927584366678, 38.13109253253444, 39.95213670220322], "train_loss": [4.024170053401116, 0.927621278522346, 0.9453982816411121, 0.9308839276121404, 0.9298209342716072], "val_loss": [1.3299937846159406, 2.6937907107734564, 1.5267447080763303, 1.7228857784888274, 1.7481969457599684], "val_density_loss": [0.6578906087041861, 1.0648010323490824, 0.5167346595033894, 0.629989690885067, 0.6931462473313921], "val_domain_loss": [0.6721031759117545, 1.628989678424374, 1.0100100485729409, 1.0928960876037603, 1.0550506984285764]}