{"val_mae": [54.91678950590108, 18.72894973673504, 34.61292818360956, 115.22870745078224, 186.629278921993], "train_loss": [4.7935758911229005, 0.9424459294566075, 0.9291503073104633, 0.8812013569793138, 0.8463803706060623], "val_loss": [2.5965186521627666, 1.6177624131480992, 1.8769235661193764, 4.126269854174476, 4.237161318305307], "val_density_loss": [0.6927536544384295, 0.5659386253261911, 0.7378586639568833, 3.10985110877918, 3.1577940652877787], "val_domain_loss": [1.903764997724337, 1.051823787821908, 1.1390649021624932, 1.0164187453952955, 1.0793672530175282]}