{"val_mae": [17.704296087720152, 33.58949906733643, 18.127288083455365, 22.409581622807597, 72.69525325958139], "train_loss": [1.9395999277943028, 0.8725066197461014, 0.8487602750167049, 0.8433275125270107, 0.8380423664386862], "val_loss": [2.4655754802379697, 2.4128902334199247, 2.084363121981532, 1.5308381109693183, 2.025341946842449], "val_density_loss": [0.39638133720250807, 0.7344732659912999, 0.7958677927465126, 0.47411331153666053, 0.9683058879957941], "val_domain_loss": [2.0691941430354617, 1.678416967428625, 1.2884953292350194, 1.0567247994326578, 1.057036058846655]}