{"val_mae": [27.523067452407556, 19.188655781276697, 68.62610227624722, 182.4982724746948, 63.31877084147886], "train_loss": [2.232470419903963, 0.8426277853392734, 0.8484005728624258, 0.8107247086102085, 0.7849121860252535], "val_loss": [1.4757173378036275, 1.5690885808337183, 2.4801232608454473, 4.381008680300446, 2.1562847131897604], "val_density_loss": [0.44377792798936927, 0.45304787383262446, 1.1834522289296139, 3.3792145001492377, 1.171123404931025], "val_domain_loss": [1.0319394098142582, 1.1160407070010938, 1.2966710319158337, 1.001794180151208, 0.9851613082587353]}