{"val_mae": [15.77668392614245, 24.130709876580138, 30.205826288366378, 8.081260654484215, 312.46288862615495], "train_loss": [2.145174160728009, 0.8541652074892436, 0.8570894042870801, 0.8181399481616191, 0.8170896396865704], "val_loss": [2.559780220063529, 2.2266106612901324, 1.9471224030986116, 1.5620125301450147, 7.879887754865091], "val_density_loss": [0.4071025426292203, 0.48187323554669853, 0.637218256713536, 0.41637708041998445, 6.772717266358426], "val_domain_loss": [2.152677677434309, 1.7447374257434338, 1.3099041463850756, 1.1456354497250303, 1.1071704885066656]}