{"val_mae": [22.590955595175426, 12.117478163039992, 10.20523619182582, 11.133985379231959, 42.732199595276576, 39.59049615707492, 16.10234794229599, 83.3204772240708, 298.4729081420148, 363.85167985941945, 57.184879111187925, 329.514717636953, 298.9294691848286, 326.39430640339117, 655.2510202367954, 519.4336212176971, 161.50846271350667, 594.6804979425222, 700.4301088527853, 505.7003060466396, 897.3662698893529, 622.7019924337427, 565.1873188933763, 23.11684252033961, 709.5453899050405, 281.14683704446605, 677.855017649145, 1169.5612571500471, 690.4112150935963, 432.4870239295349, 270.14245258720746, 339.65162902681885, 260.30902812343095, 742.2366781199551, 361.5404734406231, 241.26365407307944, 463.0821848889265, 927.5176752707468, 395.11212457560674, 246.06508766915672, 110.54410857614702, 363.567122699883, 316.872017535483, 215.48378697825828, 345.65744352633953, 485.35793609431454, 334.88443077622304, 439.66644672802016, 317.17875152437745, 396.97161540539355, 217.40403596472183, 450.5744372810092, 434.3632873872989, 384.08903685472404, 294.93059736864154, 245.16625436498964, 84.420372599312, 425.23635900856385, 63.99166961496313, 85.57406669231945, 201.12455405109776, 79.0797118425076, 195.5222153470085, 245.23523490689925, 555.2187504316754, 193.77221108186728, 106.1845647335639, 435.49767595316945, 116.47252388985835, 332.89461461966914, 296.08080448465006, 70.1479431835048, 228.2976047661325, 227.6118156977392, 145.88091713036118, 288.67801694412515, 61.102036127745, 74.78166952989491, 119.0982528442533, 62.24979057112596, 355.2119965031285, 10.957030676754345, 83.23789500486367, 149.48283603475835, 206.17310188734515, 204.70593101717301, 231.75012310023385, 181.3701542247852, 31.586675809978118, 173.05685467268415, 225.04439776468686, 77.84535627376843, 123.18958925526374, 151.9489875713691, 287.32307990568006, 199.16156618650842, 176.7780057970448, 278.0775007222118, 196.2256616590061, 127.26382750690644], "train_loss": [6.443452081887044, 1.517278642452071, 1.5322024503683838, 1.604087920646386, 1.6428078832368276, 1.5336542793745485, 1.4517463799039083, 1.4917426449492994, 1.4699216105254667, 1.4256627407900961, 1.42297827830907, 1.3834635908973174, 1.3604316050129477, 1.4205575606626484, 1.3376494257505822, 1.4406039573316352, 1.4250988193580292, 1.3516642559791696, 1.3353869281205157, 1.3647087595412946, 1.3320668314802397, 1.2989492609931974, 1.3343823912838728, 1.3002565393881897, 1.2510421076677236, 1.2983926055909376, 1.2964117557800123, 1.2983035753133991, 1.2816467004728493, 1.2620361056568292, 1.256211752234643, 1.278288821269372, 1.253727137895821, 1.2614374818763756, 1.2409938489525667, 1.2488937299116658, 1.2229227977191977, 1.2357901157341613, 1.251993950882521, 1.2271506467428595, 1.2234466943573687, 1.2050955170928186, 1.2176421419207606, 1.1796984548644973, 1.2101481769137716, 1.192924467509963, 1.1794001938085568, 1.2080347101040285, 1.1872529390406639, 1.1911363989151418, 1.1830113336975432, 1.1925867849280474, 1.1847504068711294, 1.1791137809169836, 1.1731995884489457, 1.1771140741906043, 1.1615530837872519, 1.1576888482069176, 1.1490356353229556, 1.1721104061251637, 1.1459336068944004, 1.1535510434729, 1.1451970024852296, 1.153053351837184, 1.1250857794050215, 1.1374345994010329, 1.140105987900151, 1.1350622430058863, 1.127132863282864, 1.1237517466990856, 1.1215503531408486, 1.1454753486799285, 1.1147421517788558, 1.1148459625420095, 1.1143445420235871, 1.0957073930004866, 1.1068764740983792, 1.1040418164903094, 1.105045808967189, 1.103174022917818, 1.1126393604322553, 1.107710466027113, 1.1000684650035215, 1.1071999045169074, 1.1132670425400963, 1.0961750890202775, 1.108057672137264, 1.0989899318596534, 1.0969937900115643, 1.1088042593530183, 1.0797379435684995, 1.0855055600588026, 1.0818906575991218, 1.088708611468694, 1.0973194001785505, 1.0706638155314903, 1.0838817832361434, 1.0863442871476745, 1.0782382241914192, 1.0848514856667537], "val_loss": [0.459937494952085, 0.6298634320014096, 0.38650717799950435, 0.5216172104907597, 1.5447027733478453, 0.9143247974058212, 0.5026099981601507, 1.3674088557597897, 6.2566559069857535, 8.96791830244686, 0.7101473521766554, 7.4333971650837976, 6.339195759680585, 7.6780675350520005, 27.57915324038685, 17.52457068620426, 2.5145255727155034, 22.847193750801416, 31.81258379313339, 16.629282539914307, 51.69763797558248, 25.609420454370138, 20.798720904088693, 1.0060747390450293, 32.780941958503675, 5.725996761304426, 29.899902741407555, 87.10085348948049, 31.201982342155805, 12.335343685537246, 5.649837389496713, 7.948690226890357, 5.039754929724361, 35.399055819376514, 9.051098665628047, 4.570807985274114, 14.388024511958987, 55.934503156467265, 10.663262352585646, 4.604166019959937, 1.553843555965107, 9.233197517793851, 7.207335267413, 3.701527014136461, 8.097120931960854, 15.609218885684513, 7.806175080612577, 13.286367967413213, 7.067066901724277, 10.52683523689542, 3.973152098840453, 13.627230706396725, 12.450248810344663, 9.946575331365343, 6.1617938110016075, 4.560661125080466, 1.3658098476179412, 12.09321706526687, 0.8733752010823176, 1.251720236657877, 3.463060603883727, 0.8585278028106778, 3.1543277966506955, 4.799985075202229, 20.567261816684024, 3.2046814452384815, 1.5894919233935052, 12.843955995998407, 1.71039419603817, 7.682438485003632, 6.235509985194142, 1.0345843789359006, 4.14571667619297, 4.506767449710349, 2.2748437105949515, 5.927691842503799, 0.9754343830681375, 0.9225819779681397, 1.7251744504564364, 0.7729373144038563, 8.670318914662134, 0.49982906712432046, 1.3995283353629293, 2.2134741075511055, 3.6353095818269736, 3.41319718102834, 7.472729696265593, 2.821682757813699, 0.6419890444676851, 2.5570884401214666, 4.013945491038272, 1.3550794314121115, 1.716385458888163, 2.4388622700214975, 6.0766110330783425, 3.2739055076795016, 2.7446233864420013, 5.678524808543488, 3.5885700807800154, 1.7089067347448543], "val_density_loss": [0.459937494952085, 0.6298634320014096, 0.38650717799950435, 0.5216172104907597, 1.5447027733478453, 0.9143247974058212, 0.5026099981601507, 1.3674088557597897, 6.2566559069857535, 8.96791830244686, 0.7101473521766554, 7.4333971650837976, 6.339195759680585, 7.6780675350520005, 27.57915324038685, 17.52457068620426, 2.5145255727155034, 22.847193750801416, 31.81258379313339, 16.629282539914307, 51.69763797558248, 25.609420454370138, 20.798720904088693, 1.0060747390450293, 32.780941958503675, 5.725996761304426, 29.899902741407555, 87.10085348948049, 31.201982342155805, 12.335343685537246, 5.649837389496713, 7.948690226890357, 5.039754929724361, 35.399055819376514, 9.051098665628047, 4.570807985274114, 14.388024511958987, 55.934503156467265, 10.663262352585646, 4.604166019959937, 1.553843555965107, 9.233197517793851, 7.207335267413, 3.701527014136461, 8.097120931960854, 15.609218885684513, 7.806175080612577, 13.286367967413213, 7.067066901724277, 10.52683523689542, 3.973152098840453, 13.627230706396725, 12.450248810344663, 9.946575331365343, 6.1617938110016075, 4.560661125080466, 1.3658098476179412, 12.09321706526687, 0.8733752010823176, 1.251720236657877, 3.463060603883727, 0.8585278028106778, 3.1543277966506955, 4.799985075202229, 20.567261816684024, 3.2046814452384815, 1.5894919233935052, 12.843955995998407, 1.71039419603817, 7.682438485003632, 6.235509985194142, 1.0345843789359006, 4.14571667619297, 4.506767449710349, 2.2748437105949515, 5.927691842503799, 0.9754343830681375, 0.9225819779681397, 1.7251744504564364, 0.7729373144038563, 8.670318914662134, 0.49982906712432046, 1.3995283353629293, 2.2134741075511055, 3.6353095818269736, 3.41319718102834, 7.472729696265593, 2.821682757813699, 0.6419890444676851, 2.5570884401214666, 4.013945491038272, 1.3550794314121115, 1.716385458888163, 2.4388622700214975, 6.0766110330783425, 3.2739055076795016, 2.7446233864420013, 5.678524808543488, 3.5885700807800154, 1.7089067347448543],