{"val_mae": [15.929590353373378, 37.01676854986106, 106.84973146525402, 36.9238735497511, 12.45522111133749, 9.40719069890577, 269.5343415611051, 108.09911149131709, 13.159644372128913, 188.48477222588082, 626.7558644800315, 150.80995475703352, 65.47280024954314, 174.80081031301953, 336.6695421132068, 412.5826181315555, 71.1060427763072, 76.62923967031828, 497.6746132769708, 14.439422561087145, 576.3103500216063, 448.69786832839947, 571.7588951514363, 910.5470530755113, 1564.64663234584, 30.64783877083003, 71.11290430230848, 178.59985593910733, 193.16804970087892, 100.48837785380645, 181.6185235191242, 261.32718846366856, 459.82803775463594, 9.280504562794649, 420.7904472116468, 105.39463199695244, 347.0140424496133, 309.46941165994457, 82.2206227254457, 243.04370491149828, 31.798829135566326, 15.252888190057151, 238.73030721422785, 81.48963398012582, 54.644694205139835, 464.5498698798786, 321.9826441690931, 69.43854856667043, 660.6114913170921, 99.25405163547943, 94.43705445344744, 44.647937332425464, 17.425865311794176, 200.67193128203408, 82.04322156284421, 187.58128013704683, 58.85079028832223, 74.00867626617169, 182.27002223625982, 9.591375188487335, 117.28855214934214, 132.46881376362668, 121.36863734068173, 91.94511113982065, 110.14057971395982, 177.1985211272668, 74.50282431528576, 57.63217771419887, 96.77808745115593, 22.54163157104126, 249.91241055309112, 208.40985501091126, 194.34785352333884, 232.26496999818022, 6.333220413103608, 30.313894192377727, 7.306882817678493, 9.328335853007154, 34.86724918052499, 166.70946318754264, 116.84663723198396, 58.57255822354137, 106.59257654891536, 26.07641079798249, 108.25154963278682, 49.652240079853954, 124.24960810202661, 59.524018880039414, 9.561331214665048, 67.33437008171504, 38.30781621686647, 141.47804256265601, 47.285600981295914, 8.332504563812547, 49.96976985086814, 41.60690487926737, 156.12002537904485, 124.62329529953472, 6.500218646204487, 44.4576384672233], "train_loss": [3.4582809821999234, 0.939867922264125, 0.8757815991527187, 0.8453438671312649, 0.8667447857311291, 0.8238153494298824, 0.8202994857327085, 0.7978076934081308, 0.7795704235889815, 0.7631482258347421, 0.7768626623634629, 0.7547553436782527, 0.7599917107695876, 0.7451861070384252, 0.7457735386905049, 0.7382676173986691, 0.712181890839287, 0.7052610277543062, 0.7068966146178205, 0.7171092152522206, 0.7100255276004327, 0.6940508728977499, 0.6991798923171021, 0.6940396283312184, 0.6824475996572007, 0.6758500017949722, 0.6821354872479504, 0.66836111399667, 0.6773168033339441, 0.6684091775912934, 0.65022481048679, 0.6687531738117025, 0.6537053045641452, 0.6380612158100837, 0.6502558898368591, 0.6466789558291582, 0.6367932743911814, 0.6308034463782152, 0.6308722487234981, 0.6115030100864678, 0.6249048145164863, 0.6194706681616339, 0.6226674518462036, 0.6199322928655044, 0.6155930627756013, 0.6133135179421998, 0.6151029062886959, 0.6137879372816097, 0.6119256765200203, 0.6073273901276629, 0.6064269414027239, 0.6112445410877136, 0.607001537473146, 0.6086386323415045, 0.6034213253199541, 0.5900265551727782, 0.5962980643263016, 0.5967527652138713, 0.5936894618973667, 0.591491481694788, 0.6009873037408638, 0.595092374680227, 0.5966735173562063, 0.5871646846719041, 0.5858473205551743, 0.5902453118071491, 0.5936019454348425, 0.5842956460709942, 0.5857103615815936, 0.5813802176809252, 0.5810937432785316, 0.5752850328131062, 0.5817365595042192, 0.5730785298611405, 0.578096105475414, 0.5734423566495067, 0.5712912644260777, 0.5745683125647525, 0.573688544690389, 0.5704982960905975, 0.5635761780639122, 0.5744526664672596, 0.5685239941578216, 0.5707672541138578, 0.5657059444895823, 0.5670418203756818, 0.5585392497269137, 0.5635616315246949, 0.5644621030870839, 0.56093488853576, 0.5688208455602475, 0.5564396811000829, 0.564965751668184, 0.5629379952562398, 0.558059012757896, 0.5717608359393745, 0.5593893726300196, 0.5577498868675983, 0.5563301687824184, 0.557150848750552], "val_loss": [0.48814286152136704, 1.6285515416787797, 1.6763661624374653, 1.2259525579763462, 0.4721220500532413, 0.4447935923442762, 5.490830192719954, 1.5263152441008376, 0.508329974148282, 2.9341255268306656, 26.324968891125184, 2.8213299957275786, 1.841047292863871, 2.9447680379496814, 8.550622817758246, 11.830717850029618, 1.4084595535586, 2.8761330890153567, 16.495581821811548, 0.9424937160898281, 22.05640589872732, 13.502330769254732, 21.878718054256698, 55.013013780894816, 157.826859942579, 1.2727934927413171, 1.0197675501624113, 3.1011633743352887, 3.389912079344167, 1.3681220440469388, 2.950615271850312, 5.774160020951399, 14.567272456112123, 1.0972671254083293, 12.435800550455832, 1.3921715275748177, 8.431633092591005, 6.8583579438144975, 1.0842251263454408, 5.901596265474607, 0.523614872482353, 0.4865264650565545, 4.685638408126207, 0.9897052422737208, 0.759913843136784, 14.156308544441856, 7.374465799484347, 1.0964187758473272, 28.372362254233177, 1.4982105052836483, 1.6551148660989148, 0.9259558030544067, 0.5029584149639723, 3.8034463041532494, 1.5440573269557047, 2.9891589273496852, 0.7782924911504788, 1.0152493916559646, 3.21869978249337, 0.3669680803963462, 1.8185478736614291, 1.9286589903375924, 1.6476552410527054, 1.3746375339637504, 1.5319626767919916, 3.1495945576497224, 1.2886904254573066, 0.7062864478233954, 1.5183269488059261, 0.44154431811363254, 5.091120936709175, 3.5127176682228405, 3.1853802091567736, 4.166040393488343, 0.5694329924624607, 0.49083281005248547, 0.4452852275637297, 0.36396576957915683, 0.5916651811186244, 2.718351241090752, 1.6131015307818812, 0.747953482470464, 1.5035550388678338, 0.4858279908172315, 1.5288254745213534, 0.6473411114842175, 1.8672180483311724, 0.7763390658275423, 0.46844774781849663, 0.8666665657041972, 0.6528881368490723, 2.0958968151699686, 1.0600013615133432, 0.34068952727438045, 0.7238690597841073, 0.5755428213973817, 2.472584874341702, 1.5833613526836232, 0.3654355006666731, 0.6262824037111401], "val_density_loss": [0.48789146890134066, 1.6283029644471694, 1.6761177020814146, 1.2257041175921906, 0.4718736014105517, 0.44454514589186456, 5.490581750796436, 1.526066818690388, 0.5080815328538262, 2.933877091859393, 26.324720466562155, 2.821081569200659, 1.8407988649819316, 2.944519608149816, 8.550374406143602, 11.830469410944396, 1.4082111154865076, 2.8758846939269906, 16.49533339033561, 0.9422452957203284, 22.056157495702763, 13.502082371183867, 21.878469648396397, 55.01276537647693, 157.82661157399232, 1.2725450892693295, 1.019519171545793, 3.100914998981199, 3.3896636920734817, 1.3678736499388133, 2.9503668709068136, 5.773911634311172, 14.567024123038166, 1.0970187539241631, 12.435552179740071, 1.39192313791641, 8.431384775031537, 6.858109577848756, 1.083976803212295, 5.901347956460927, 0.5233665332656359, 0.486278090450734, 4.6853900617778965, 0.9894569168396542, 0.7596654915061823, 14.15606022995483, 7.374217493507695, 1.0961704829485508, 28.372113953950514, 1.4979621849376776, 1.6548665220153875, 0.9257075011931809, 0.5027100701795904, 3.8031979835927854, 1.5438090147494097, 2.988910644440047, 0.7780441776110457, 1.0150010980033346, 3.2184514874021946, 0.36671974566658594, 1.8182995826702424, 1.9284107120201304, 1.6474069465423715, 1.3743892552521249, 1.531714438109087, 3.1493463096510146, 1.2884421574746845, 0.7060381572826468, 1.5180786441585454, 0.4412960541144765, 5.090872714220378, 3.5124694058376047, 3.18513194961888, 4.165792121731781, 0.5691847843832541, 0.4905845112362613, 0.44503698964694854, 0.36371752119200423, 0.5914169708753708, 2.7181030052907644, 1.612853260575662, 0.7477052727162031, 1.5033068395555387, 0.4855797904993775, 1.5285772731456664, 0.6470928892566562, 1.8669698376020676, 0.776090878402175, 0.4681995179727393, 0.8664183079151649, 0.652639900635456, 2.0956485683847617, 1.0597531259206534, 0.34044130874120687, 0.7236208257346722, 0.5752945642475598, 2.4723366236847997, 1.5831131426683944, 0.36518724646321127, 0.6260341910409385],