{"train_density_loss": [3.411584733230455, 0.9088712160511063, 0.8721205984387744, 0.8563494066470664, 0.8497002099492893, 0.8164086691201247, 0.8211160924601819, 0.815039810366003, 0.781942794427074, 0.7679905368686456, 0.7625909923480739, 0.7330042079072744, 0.7636317010661919, 0.7335753347014442, 0.741659073592112, 0.7181523418807749, 0.7234949637089855, 0.7124359763123159, 0.7040820207176467, 0.6974172814305858, 0.6980821423938207, 0.6954842417295862, 0.6854417548041796, 0.6847290873967413, 0.6850505979298666, 0.6727699048514736, 0.6648553224214035, 0.665178884146105, 0.6605249002924118, 0.649698723396252, 0.6513244050748527, 0.6460821651298035, 0.6495635737865467, 0.6378190466105425, 0.6326051021560678, 0.6261993091997918, 0.6287513489652824, 0.6195409694390983, 0.6261019989169978, 0.6203727268718119, 0.6247343919520595, 0.6206144103631469, 0.6093916627790362, 0.6121339306033698, 0.6075921547662142, 0.6099750861837122, 0.6091954515740587, 0.5985804930017736, 0.6019974257086769, 0.6018749701654192, 0.6035080609286403, 0.6053191581042197, 0.5973620828227363, 0.5979487736140083, 0.5942011929379472, 0.5860246552605763, 0.5824072301241158, 0.5884481877418462, 0.5878636634657743, 0.5800406346315241, 0.5879412664038669, 0.583785338338744, 0.5767396270935532], "train_domain_loss": [1.2297824042016436, 1.2798863099509938, 1.34545113239781, 1.253595505693302, 1.1291428747212315, 1.0937151184527782, 1.0780705945224927, 1.057106189548896, 1.047735451918833, 1.0420293371029299, 1.039844904291967, 1.030116848546787, 1.0277098879163116, 1.0232291480418647, 1.0229658118619838, 1.0173255848855256, 1.018406339750372, 1.0157424653588185, 1.0116419774579826, 1.011301317484763, 1.0093772179672786, 1.0065979027220244, 1.0031161589816047, 1.0016413556840293, 1.002028560579776, 1.0008167590748926, 0.9945477501639287, 0.9959678092712553, 0.992091588501854, 0.9865988120528312, 0.991256531240902, 0.988968380116302, 0.9853651947347587, 0.9851775517616178, 0.9830484781024788, 0.983430840945625, 0.9828342671104023, 0.9797315737564772, 0.9788069999965795, 0.978506099767204, 0.9776278559718772, 0.9780172864009533, 0.9765399444440488, 0.9754702948116288, 0.9744651074925619, 0.9748137088865958, 0.9728463489337748, 0.9738937407402095, 0.9739482590486496, 0.9731783065555427, 0.9727008048018846, 0.9720769364015642, 0.9720453847231754, 0.9707900285720825, 0.9701324387523375, 0.9696679294915803, 0.9689871384355562, 0.9689058790494302, 0.9689810983149328, 0.9684275128451367, 0.9682686910271497, 0.9678445940088082, 0.9676526468178442], "val_mae": [27.935058800789996, 27.073402708013706, 28.98058642885965, 90.12422495017339, 40.18544566193263, 25.698146812443657, 216.80330856905064, 260.5200996398926, 480.0571550038468, 1362.4395995568232, 421.0037438649533, 345.04062149592136, 390.3164448192639, 917.9918202380265, 22.012178306356713, 186.20379063417406, 132.26998101125344, 322.162855734831, 13.03190289593564, 507.96331849983846, 797.6446556663748, 49.891061217435904, 91.30979671924024, 521.8441280632442, 322.0569321138539, 82.63928375502208, 193.07666832054673, 93.68876127885864, 28.11336401013284, 13.102968772545658, 122.65830959869047, 176.16399070111, 9.002634145236984, 333.7005841113251, 667.8515904087569, 95.76334849436198, 73.74460747321153, 16.217920218886483, 22.70189143649473, 254.34634516717176, 26.70327778320031, 352.53854763317224, 105.30519500957644, 90.99706923800348, 36.09196056861792, 828.0914664931256, 16.46276912390086, 11.187687013861877, 102.21973258836097, 188.115593824586, 34.58775434752086, 11.509349451587063, 26.749405509990446, 182.3094528381235, 90.439310204059, 171.8572805177095, 206.72822727752347, 109.7952064699499, 40.41616233483158, 85.00814853001931, 36.682773933492754, 340.23331198979713, 51.85779340167474], "val_rmse": [32.43115904559529, 32.2601869746253, 32.42547321066919, 93.65720321405867, 47.20903884097753, 31.372782414340328, 218.0050285619729, 261.46626590948676, 480.5264739435211, 1362.7791170879802, 422.6363658590905, 345.62022547784966, 391.0619284840832, 918.2256044808214, 25.62962328614295, 189.44773248434333, 133.72757038386814, 335.8263074559274, 15.700114360456014, 508.89048437313534, 798.9534520258346, 53.760505776956805, 94.03706625808448, 522.7197436196307, 324.1502255439762, 84.79454765225807, 194.5579513223612, 103.69853328261583, 32.83703766071796, 16.040193682054944, 125.01149204601272, 183.18080523828382, 11.261377427446165, 336.46696599120514, 669.6784311914979, 101.63111608077267, 76.8536145417838, 19.847890191736216, 24.26034013271939, 256.0975963533481, 32.84021664108789, 353.4868494320577, 107.9387243470289, 95.87030081529934, 40.586307345465514, 830.4267055148466, 18.06794818459163, 14.38170992155565, 106.6188981145453, 188.94816517720528, 37.10169027258873, 13.722675200258356, 29.42667752062779, 189.3190485953538, 92.77374015612047, 177.7848059974396, 208.6306797257328, 112.11218134561786, 41.75310803166609, 86.0724047295264, 39.74186605877223, 343.13267379625665, 55.806986952291076]}