{"val_mae": [58.51195128846726, 28.781392951953016], "train_loss": [123.53780269622803, 42.814290046691895], "val_loss": [1.1444686476912502, 0.9935245181504898], "val_density_loss": [1.144225656763143, 0.9932808005677704], "val_domain_loss": [0.0002429909281071641, 0.00024371758271943776]}