{"train_loss": [2.4739672073505607, 0.7347388841569203, 0.6203230141420353, 0.9955638257046614, 2.054401485975671, 2.0188087252819815, 2.0030140738205717, 1.9943287384319424, 1.9774036174330765, 1.9944855775340458, 1.9879522107330783, 1.9878187277806787, 1.9688942625220558, 1.9933637207577883, 1.9722860540557758, 1.9818815564757344, 1.9645992014534213, 1.9804740626580308, 1.9763068498134027, 1.9608004493467042, 1.9745619661400386, 1.9698313264975835, 1.9729228389219164, 1.9772913769748965, 1.9710141385173445, 1.9614515816300264, 1.964961830393708, 1.9691948887753457, 1.9835962523393524, 1.9726249986175828, 1.9843705810450687, 1.9660785006860966, 1.9772837134158332, 1.9626378413349352, 1.9703676438859468, 1.961554411299261, 1.9742857695798885, 1.9678801041540919, 1.9807470607288356, 1.9724990059088956, 1.9668295698705487, 1.9802970499130192, 1.9730102546687203, 1.9549930290689035, 1.9718126261659508, 1.964859607108258, 1.9640697998900842, 1.9675636596492003, 1.960053423967162, 1.9675823012401257, 1.9584641465401738, 1.9681174208170666, 1.961402158895542, 1.9734820482329103, 1.9676321007375495, 1.9577736033431425, 1.9562478452591, 1.9713217789836475, 1.9629586404979888, 1.9707899014448327, 1.9567445784917177, 1.9620706559987087, 1.959656538705251, 1.9497961431998314, 1.9592832423664106, 1.9750257991483438, 1.9493185257559773, 1.9661052820867277, 1.9527395264249006, 1.9673750264178342, 1.9697673773853541, 1.9713776519231103, 1.9653844695542864, 1.967474665882256, 1.9455669168176686, 1.9531340181167716, 1.9585691008620596, 1.9552294322338784, 1.960291429712617, 1.958869250058248, 1.9572330098897035, 1.9472917783157706, 1.9735998392544989, 1.9486491749060844, 1.9612577543634038, 1.958533567549411, 1.9510794490905705, 1.9567449006353943, 1.9654064536241294, 1.9665721739936726, 1.9531347082989683, 1.9496474946410307, 1.96392257759052, 1.9651519568937144, 1.960339696644857, 1.9766648073771196, 1.9554679034527525, 1.9703431893392096, 1.965234326407185, 1.9618011987223982], "val_mae": [6.647504513407399, 20.166316709541892, 4.754967917302144, 67.84739847054195, 29.57553603904274, 69.32129948898728, 43.09857578207206, 40.44007599749688, 105.50388056296411, 128.6005907258131, 17.34833404733393, 38.682631945404765, 17.76325014684473, 20.340850717467134, 22.89245632184534, 16.988864875807533, 23.671820231176095, 17.712283048829175, 17.979935671863814, 58.61874824960293, 17.128729488870167, 16.873357087776963, 103.10855584420254, 78.42150398198089, 245.74166384013083, 181.1712084485156, 157.52826215596215, 33.17940560932676, 19.25889338074575, 18.903368348711677, 78.76856132216413, 17.73045008707457, 17.10942918524091, 18.061899005120384, 17.851066572346518, 19.024707398877958, 58.14954851415618, 20.25939160402117, 16.853311396759523, 16.866543224376947, 17.964200705473125, 18.05315495417127, 17.08124622061097, 17.583233720701998, 16.860175505188852, 18.34445198699557, 17.242814214173865, 16.86747871671069, 16.955823720601213, 17.108115620278785, 16.993298259021905, 18.035573934130415, 16.93209411942504, 16.98483404814097, 18.06689146787918, 17.16968779487657, 17.15674832298307, 17.156719536212393, 17.501425417586887, 16.85287449427343, 19.795551766328707, 17.11552782105637, 17.195587895453198, 18.22818218913905, 18.11349026127495, 17.842685902983792, 17.27939780142621, 16.889267844614213, 18.167107675348262, 18.17050685683153, 17.718972909934408, 18.39641238197336, 18.09035903032122, 17.04193745679961, 17.427102481307138, 18.799492818989584, 16.85447828825403, 17.07820333971162, 17.10432824936007, 20.61650067677797, 17.234320147890887, 17.131799601687423, 18.307533100522313, 16.93077959375041, 19.429379046183232, 17.395972440163586, 16.85246774337975, 17.811081564880972, 17.10749594253221, 16.879186562213217, 16.86085026965077, 17.828076119205903, 17.480732409276644, 18.0660049190967, 19.192769370835645, 16.868266205359504, 18.34171972063635, 16.933843558124952, 16.868721566663602, 18.612059098768057]}