{"train_density_loss": [115.82866516113282], "train_domain_loss": [2.5914363861083984], "val_mae": [0], "val_rmse": [0]}