{"val_mae": [14.148166506346154, 57.06484786522785, 8.129329523623795, 109.61117697377927, 77.25458616582817, 229.18503540527044, 47.717286244822894, 197.32932392697492, 404.6147727919387, 345.62301003243795, 19.76691423409686, 395.7508232801749, 401.89862968003763, 575.029978743925, 895.8550201453553, 341.7846240410799, 920.0066732146204, 723.3946088014347, 74.34609703941392, 252.44725631113275, 333.0003338540466, 458.90050150928755, 206.48931120887747, 260.2346775528836, 559.2179229755096, 57.97308272423926, 372.8858677675217, 497.0898717901364, 342.11734016296464, 159.22580814478874, 60.00680338002072, 27.01516913546554, 99.55823967406964, 58.93923597406197, 280.852474268952, 234.85235335524817, 121.4968652549265, 174.64893410742502, 131.87838465935775, 139.45219052820335, 99.732141458387, 236.40571344617254, 47.56356779089126, 260.37601327837467, 171.88667078475672, 143.47939265580783, 6.897338099878506, 13.762380165715792, 61.76277862469062, 342.2970256453511, 114.27884599467485, 76.5684119291411, 161.79538937248427, 15.862227272063604, 7.656181846203473, 92.45382346614261, 134.18950500347518, 174.978316650766, 10.521831063161917, 7.7728703420501555, 209.0959798172391, 74.6681615048229, 79.63364205119942, 150.35913507290286, 13.25332002471766, 56.65525358277493, 92.06345675586921, 123.20930786883552, 25.67050142628387, 188.6219463700298, 104.29129008378783, 271.57851896485425, 70.82606484998489, 42.487466283096744, 24.903628126428284, 58.2163696910769, 115.37149589791949, 116.77405292844128, 50.583042229233634, 119.00086175794237, 142.95036962258126, 199.49395276171694, 14.96880596216343, 7.403645393813228, 58.62428012897168, 39.794628919563905, 12.053268943912135, 97.13493218134543, 19.9957404655724, 74.91305860939354, 23.883268847236774, 68.73118737878835, 8.015747705857105, 12.751646869665821, 121.97848715318818, 79.0865524357682, 76.69039322851916, 14.261439751654974, 68.59597570576497, 9.904384910877047], "train_loss": [2.7989127140716725, 0.8517753388755582, 0.8604053443648279, 0.8600033567840323, 0.8363026034861326, 0.8439111054896722, 0.8245363460548982, 0.7809985258775737, 0.8009475328825497, 0.7934318716382335, 0.7721643328740001, 0.7610725329370956, 0.7636652214207479, 0.7550104878118851, 0.7468305103673266, 0.7496892060227647, 0.7219904478625617, 0.7160235818241795, 0.715639658593017, 0.7066136116911125, 0.705589014005837, 0.7149340454282795, 0.6768192192505207, 0.6849403319763522, 0.6860502519144197, 0.6780378948645105, 0.6660684913506807, 0.6742378171226342, 0.6610930546989887, 0.6492959644375106, 0.6634079938591773, 0.6515306583336505, 0.659396805079954, 0.6360527410058517, 0.6430782982197488, 0.648070868934066, 0.6357628197247692, 0.6332344070791758, 0.6340106833831557, 0.6236323292514935, 0.6316785537082185, 0.6224477293306611, 0.6248939906099186, 0.6214764740634229, 0.6172814909162556, 0.6161437146411464, 0.6140181472453977, 0.6067083047618139, 0.6135251747872703, 0.6053550772707987, 0.6073398871981937, 0.6071273278156329, 0.608909427478158, 0.6017843234509707, 0.6015152282747102, 0.6043155634681824, 0.6003881944354903, 0.5965145514753325, 0.5898253332278238, 0.5823244446794632, 0.5926196469958565, 0.5944178596340569, 0.5934282794943009, 0.5857517883493158, 0.583324308178375, 0.5822277430532017, 0.5819087047565173, 0.5881205057819244, 0.5802712437191573, 0.5830947724508917, 0.5698702988955954, 0.5793685035878589, 0.5720915978025246, 0.5793910775090789, 0.5681700506333496, 0.5741963943358863, 0.5783181315125281, 0.5656406942475473, 0.5746536951003479, 0.5734629568725201, 0.5736413037938238, 0.5677185455958048, 0.5718626772932167, 0.568611893376741, 0.5638223206131807, 0.562100039673614, 0.5576122154883792, 0.5630385784975277, 0.565240918380308, 0.5610743464139115, 0.5620097557923597, 0.5532105753489233, 0.5587202455541451, 0.5618220766385397, 0.558614647311478, 0.5573184059114914, 0.5570625711374471, 0.5573404474598602, 0.5502988330992385, 0.5550254270672651], "val_loss": [2.382697726676623, 2.5555562590321053, 1.8030297250594591, 2.7943888093960023, 2.2458971985289313, 5.488869393333738, 1.688552523341126, 4.895433030646812, 11.933106587235192, 9.618843339777667, 1.8185614977376467, 13.118348814024698, 12.030804956421202, 22.89612361466166, 54.82829302807796, 9.744909767945828, 55.744149588332554, 36.03492973765947, 2.2171903340945534, 5.8743631439821895, 8.650088716587018, 15.594849012425538, 5.098039844177599, 6.139846858173279, 22.094180850424376, 2.1409993686909163, 10.51344481887706, 17.217837334027443, 9.051846969684844, 3.507388939148532, 1.7661007721375714, 1.9071745896966255, 2.303435428317769, 1.8236044364927513, 6.886097719336128, 5.824939476717883, 3.0293945735927585, 4.011744303961009, 4.5754183690358055, 3.149607963704242, 2.98896703102052, 5.573964143765295, 1.6568930078009179, 6.280816457276708, 3.769090447817708, 3.094709434815732, 1.3663684064765813, 1.4316753506563664, 1.9182236041062652, 9.213108974015215, 2.6722688424752663, 1.9652304368192126, 3.591529726340615, 1.51920005691071, 1.36089812135132, 2.343199190343438, 2.840424116320569, 3.7461812070045086, 1.3803499995945678, 1.3620302075619264, 4.868405146379972, 2.1179765586593495, 1.9724446918728313, 3.1482715108334505, 1.4702679111075387, 1.7574717811277871, 2.2419389896598836, 2.566382278109755, 1.5556832980708224, 4.235769696139615, 2.4651524302850936, 7.042289080242609, 1.977338512207016, 1.7904471580997603, 1.3929178473112365, 1.6900522733773913, 2.5320051916007773, 2.726258482669479, 2.016436345609498, 2.6041378469411445, 3.2126017083284455, 4.397867959088945, 1.4160417913097896, 1.3052247984858625, 1.773895807756709, 1.522455439046266, 1.366362169427914, 2.2724098446899235, 1.3812729583206607, 2.2717774670942243, 1.4763782285480342, 1.7980920177796194, 1.294260105554158, 1.404713783664009, 2.764506845621605, 2.011766016991926, 2.0053117130716935, 1.47896613718106, 1.8375520407970247, 1.325491566303917], "val_density_loss": [0.40226669670260184, 0.8119455617365655, 0.43442872194985677, 1.6232989351202127, 1.135457786718821, 4.400124124861878, 0.6247276801061513, 3.8372040805194945, 10.878987139881318, 8.5704026937778, 0.7778972088704963, 12.08535739548532, 10.999087363591494, 21.870890597429074, 53.806593213427405, 8.728893265659666, 54.72555648034203, 35.01779403428456, 1.205623221738312, 4.868384744774958, 7.640370420277632, 14.59336712116978, 4.096145647918166, 5.1412312711003665, 21.097745983363076, 1.14348544407668, 9.51675842579587, 16.225311879888817, 8.06126685629325, 2.5199054916186525, 0.7796791872011926, 0.9192008400590217, 1.3168151046333865, 0.8363859485536997, 5.905781191433488, 4.843079713107915, 2.045888135940533, 3.0286134735281323, 3.5944290666269345, 2.166730628279009, 2.0110248238178197, 4.594538530007206, 0.6785301161015825, 5.3019302125199985, 2.7929485184386795, 2.1189000122294948, 0.3917337031866026, 0.45781503517271177, 0.9427362341584975, 8.239198559178051, 1.6971008114225767, 0.9932973974946827, 2.616435157490246, 0.5455269134007009, 0.38722232667179973, 1.3700025763458872, 1.867722546775696, 2.772711883831728, 0.40914612208988643, 0.3902122010228896, 3.8979029048412928, 1.1489067234346348, 1.0041232166896594, 2.1783138278592262, 0.5014835077629568, 0.7884416819388577, 1.2740440987609556, 1.5961675482354187, 0.5882121097585152, 3.2705443726547823, 1.498144330912777, 6.076171649338135, 1.0115952757708409, 0.8246988268685956, 0.42752435748656664, 0.7243163225918019, 1.5663244345237994, 1.7617735779520036, 1.0527598154977384, 1.6391323391728443, 2.248170495986352, 3.4331004432646552, 0.4528675227064647, 0.34118558475040334, 0.8092043917777354, 0.5599513081584566, 0.4036526653754123, 1.3102926091184475, 0.4169642926883388, 1.309138328991693, 0.5138074134242793, 0.8355913408820003, 0.3308700466647778, 0.44132164584269873, 1.8026681050823183, 1.048862964121068, 1.0424955666321816, 0.5171559715703594, 0.8751139382741254, 0.36355690352591774],